{"_id":{"$oid":"653c2f2272d2e3f231c21a31"},"GenreID":99998,"Name":"Action","Description":"Action films are built around a core set of characteristics such as spectacular physical action, a narrative emphasis on fights, chases, and explosions, as well as a combination of state-of-the-art special effects and stunt-work."}
{"_id":{"$oid":"653c2f2272d2e3f231c21a32"},"GenreID":99998,"Name":"Comedy","Description":"Comedy is a genre of film in which the main emphasis is on humor. These films are designed to make the audience laugh through amusement and most often work by exaggerating characteristics for humorous effect."}
{"_id":{"$oid":"653c2f2272d2e3f231c21a33"},"GenreID":99998,"Name":"Thriller","Description":"Thrillers tend to be action-packed, page-turners with moments full of tension, anxiety, and fear."}
{"_id":{"$oid":"653c2f2272d2e3f231c21a34"},"GenreID":99998,"Name":"Horror","Description":"Seek to elicit responses of fear, terror, disgust, shock, suspense, and, of course, horror from their viewers."}
{"_id":{"$oid":"653c2f2a72d2e3f231c21a35"},"GenreID":99998,"Name":"Action","Description":"Action films are built around a core set of characteristics such as spectacular physical action, a narrative emphasis on fights, chases, and explosions, as well as a combination of state-of-the-art special effects and stunt-work."}
{"_id":{"$oid":"653c2f2a72d2e3f231c21a36"},"GenreID":99998,"Name":"Comedy","Description":"Comedy is a genre of film in which the main emphasis is on humor. These films are designed to make the audience laugh through amusement and most often work by exaggerating characteristics for humorous effect."}
{"_id":{"$oid":"653c2f2a72d2e3f231c21a37"},"GenreID":99998,"Name":"Thriller","Description":"Thrillers tend to be action-packed, page-turners with moments full of tension, anxiety, and fear."}
{"_id":{"$oid":"653c2f2a72d2e3f231c21a38"},"GenreID":99998,"Name":"Horror","Description":"Seek to elicit responses of fear, terror, disgust, shock, suspense, and, of course, horror from their viewers."}
{"_id":{"$oid":"653c2f2e72d2e3f231c21a39"},"GenreID":99998,"Name":"Action","Description":"Action films are built around a core set of characteristics such as spectacular physical action, a narrative emphasis on fights, chases, and explosions, as well as a combination of state-of-the-art special effects and stunt-work."}
{"_id":{"$oid":"653c2f2e72d2e3f231c21a3a"},"GenreID":99998,"Name":"Comedy","Description":"Comedy is a genre of film in which the main emphasis is on humor. These films are designed to make the audience laugh through amusement and most often work by exaggerating characteristics for humorous effect."}
{"_id":{"$oid":"653c2f2e72d2e3f231c21a3b"},"GenreID":99998,"Name":"Thriller","Description":"Thrillers tend to be action-packed, page-turners with moments full of tension, anxiety, and fear."}
{"_id":{"$oid":"653c2f2e72d2e3f231c21a3c"},"GenreID":99998,"Name":"Horror","Description":"Seek to elicit responses of fear, terror, disgust, shock, suspense, and, of course, horror from their viewers."}
{"_id":{"$oid":"653c2f4872d2e3f231c21a3d"},"GenreID":99998,"Name":"Action","Description":"Action films are built around a core set of characteristics such as spectacular physical action, a narrative emphasis on fights, chases, and explosions, as well as a combination of state-of-the-art special effects and stunt-work."}
{"_id":{"$oid":"653c2f4872d2e3f231c21a3e"},"GenreID":99998,"Name":"Comedy","Description":"Comedy is a genre of film in which the main emphasis is on humor. These films are designed to make the audience laugh through amusement and most often work by exaggerating characteristics for humorous effect."}
{"_id":{"$oid":"653c2f4872d2e3f231c21a3f"},"GenreID":99998,"Name":"Thriller","Description":"Thrillers tend to be action-packed, page-turners with moments full of tension, anxiety, and fear."}
{"_id":{"$oid":"653c2f4a72d2e3f231c21a40"},"GenreID":99998,"Name":"Horror","Description":"Seek to elicit responses of fear, terror, disgust, shock, suspense, and, of course, horror from their viewers."}
