{"_id":{"$oid":"653c031e72d2e3f231c21a19"},"Title":"Silence of the Lambs","Description":"A young FBI cadet must receive the help of an incarcerated and manipulative cannibal killer to help catch another serial killer.","Genre":{"Name":"Thriller","Description":"Thriller film, also known as suspense film or suspense thriller, is a broad film genre that involves excitement and suspense in the audience."},"Director":{"Name":"Jonathan Demme","Bio":"Robert Jonathan Demme was an American director, producer, and screenwriter.","Birth":"1944","Death":"2017"},"ImagePath":"img/silence_of_the_lambs.png","Featured":true}
{"_id":{"$oid":"653c153672d2e3f231c21a1a"},"Title":"The Dark Knight","Description":"When the menace known as the Joker wreaks havoc and chaos on the people of Gotham, Batman must accept one of the greatest psychological and physical tests of his ability to fight injustice.","Genre":{"Name":"Action","Description":"Action films are built around a core set of characteristics: spectacular physical action; a narrative emphasis on fights, chases, and explosions; and a combination of state-of-the-art special effects and stunt-work."},"Director":{"Name":"Christopher Nolan","Bio":"Christopher Nolan is a visionary director celebrated for his mind-bending, visually stunning films.","Birth":"1970","Death":"NULL"},"ImagePath":"img/darkknight.png","Featured":true}
{"_id":{"$oid":"653c155872d2e3f231c21a1b"},"Title":"Inception","Description":"A thief who steals corporate secrets through the use of dream-sharing technology is given the inverse task of planting an idea into the mind of a C.E.O., but his tragic past may doom the project and his team to disaster.","Genre":{"Name":"Action","Description":"Action films are built around a core set of characteristics: spectacular physical action; a narrative emphasis on fights, chases, and explosions; and a combination of state-of-the-art special effects and stunt-work."},"Director":{"Name":"Christopher Nolan","Bio":"Christopher Nolan is a visionary director celebrated for his mind-bending, visually stunning films.","Birth":"1970","Death":"NULL"},"ImagePath":"img/inception.png","Featured":true}
{"_id":{"$oid":"653c157072d2e3f231c21a1c"},"Title":"The Silence of the Lambs","Description":"A young F.B.I. cadet must receive the help of an incarcerated and manipulative cannibal killer to help catch another serial killer, a madman who skins his victims.","Genre":{"Name":"Thriller","Description":"Thrillers tend to be action-packed, page-turners with moments full of tension, anxiety, and fear."},"Director":{"Name":"Jonathan Demme","Bio":"Jonathan Demme was a versatile director best known for being emotionally charged and politically relevant.","Birth":"1944","Death":"2017"},"ImagePath":"img/silence_of_the_lambs.png","Featured":true}
{"_id":{"$oid":"653c158272d2e3f231c21a1d"},"Title":"Parasite","Description":"Greed and class discrimination threaten the newly formed symbiotic relationship between the wealthy Park family and the destitute Kim clan.","Genre":{"Name":"Thriller","Description":"Thrillers tend to be action-packed, page-turners with moments full of tension, anxiety, and fear."},"Director":{"Name":"Bong Joon Ho","Bio":"Bong Joon Ho is a South Korean auteur renowned for his socially conscious and genre-defying works.","Birth":"1969","Death":"NULL"},"ImagePath":"img/parasite.png","Featured":false}
{"_id":{"$oid":"653c158d72d2e3f231c21a1e"},"Title":"The Departed","Description":"An undercover cop and a mole in the police attempt to identify each other while infiltrating an Irish gang in South Boston.","Genre":{"Name":"Thriller","Description":"Thrillers tend to be action-packed, page-turners with moments full of tension, anxiety, and fear."},"Director":{"Name":"Martin Scorsese","Bio":"Martin Scorsese is an iconic American filmmaker known for his gritty, character-driven narratives and masterful storytelling.","Birth":"1942","Death":"NULL"},"ImagePath":"img/thedeparted.png","Featured":false}
{"_id":{"$oid":"653c159972d2e3f231c21a1f"},"Title":"The Wolf of Wall Street","Description":"Based on the true story of Jordan Belfort, from his rise to a wealthy stock-broker living the high life to his fall involving crime, corruption and the federal government.","Genre":{"Name":"Comedy","Description":"Comedy is a genre of film in which the main emphasis is on humor. These films are designed to make the audience laugh through amusement and most often work by exaggerating characteristics for humorous effect."},"Director":{"Name":"Martin Scorsese","Bio":"Martin Scorsese is an iconic American filmmaker known for his gritty, character-driven narratives and masterful storytelling.","Birth":"1942","Death":"NULL"},"ImagePath":"img/wolfwallstreet.png","Featured":false}
{"_id":{"$oid":"653c15a472d2e3f231c21a20"},"Title":"The Truman Show","Description":"An insurance salesman discovers his whole life is actually a reality TV show.","Genre":{"Name":"Comedy","Description":"Comedy is a genre of film in which the main emphasis is on humor. These films are designed to make the audience laugh through amusement and most often work by exaggerating characteristics for humorous effect."},"Director":{"Name":"Peter Weir","Bio":"Peter Weir, an Australian director, is celebrated for his thought-provoking and visually compelling films.","Birth":"1944","Death":"NULL"},"ImagePath":"img/trumanshow.png","Featured":false}
{"_id":{"$oid":"653c15ae72d2e3f231c21a21"},"Title":"The Shining","Description":"A family heads to an isolated hotel for the winter where a sinister presence influences the father into violence, while his psychic son sees horrific forebodings from both past and future.","Genre":{"Name":"Horror","Description":"Seek to elicit responses of fear, terror, disgust, shock, suspense, and, of course, horror from their viewers."},"Director":{"Name":"Stanley Kubrick","Bio":"Stanley Kubrick was a legendary filmmaker known for his uncompromising vision and cinematic innovation.","Birth":"1928","Death":"1999"},"ImagePath":"img/theshining.png","Featured":true}
{"_id":{"$oid":"653c15ba72d2e3f231c21a22"},"Title":"The Exorcist","Description":"A mother begs a couple priests to help save her daughter's life after being possessed by demons.","Genre":{"Name":"Horror","Description":"Seek to elicit responses of fear, terror, disgust, shock, suspense, and, of course, horror from their viewers."},"Director":{"Name":"William Friedkin","Bio":"William Friedkin is an influential director who has left an indelible mark on the crime and horror genres in cinema.","Birth":"1935","Death":"2023"},"ImagePath":"img/exorcist.png","Featured":true}
{"_id":{"$oid":"653c15cc72d2e3f231c21a23"},"Title":"Alien","Description":"The crew of a commercial spacecraft encounters a deadly lifeform after investigating an unknown transmission.","Genre":{"Name":"Horror","Description":"Seek to elicit responses of fear, terror, disgust, shock, suspense, and, of course, horror from their viewers."},"Director":{"Name":"Ridley Scott","Bio":"Ridley Scott, a British director, is famous for his visually stunning and epic films.","Birth":"1937","Death":"NULL"},"ImagePath":"img/alien.png","Featured":false}
